Kind,Name,AvgCyclomatic,AvgCyclomaticModified,AvgCyclomaticStrict,AvgEssential,AvgLine,AvgLineBlank,AvgLineCode,AvgLineComment,CountClassBase,CountClassDerived,CountDeclClass,CountDeclClassMethod,CountDeclClassVariable,CountDeclExecutableUnit,CountDeclFile,CountDeclFunction,CountDeclInstanceMethod,CountDeclInstanceVariable,CountDeclInstanceVariablePrivate,CountDeclInstanceVariableProtected,CountDeclInstanceVariablePublic,CountDeclMethod,CountDeclMethodAll,CountDeclMethodPrivate,CountDeclMethodProtected,CountDeclMethodPublic,CountLine,CountLine_Html,CountLine_Javascript,CountLine_Php,CountLineBlank,CountLineBlank_Html,CountLineBlank_Javascript,CountLineBlank_Php,CountLineCode,CountLineCode_Javascript,CountLineCode_Php,CountLineComment,CountLineComment_Html,CountLineComment_Javascript,CountLineComment_Php,CountPath,CountPathLog,CountStmt,CountStmtDecl,CountStmtDecl_Javascript,CountStmtDecl_Php,CountStmtExe,CountStmtExe_Javascript,CountStmtExe_Php,Cyclomatic,CyclomaticModified,CyclomaticStrict,Essential,MaxCyclomatic,MaxCyclomaticModified,MaxEssential,MaxInheritanceTree,MaxNesting,RatioCommentToCode,SumCyclomatic,SumCyclomaticModified,SumCyclomaticStrict,SumEssential
Class Function,"Axios",0,0,0,0,0,0,0,0,2,0,,0,0,,,,1,4,0,0,0,1,1,0,0,0,7,,7,,0,,0,,7,7,,0,,0,,1,0,3,1,1,,2,2,,1,1,1,1,0,0,0,1,0,,1,1,1,1
Class Function,"Cancel",0,0,0,0,0,0,0,0,0,0,,0,0,,,,1,2,0,0,0,1,1,0,0,0,3,,3,,0,,0,,3,3,,0,,0,,1,0,2,1,1,,1,1,,1,1,1,1,0,0,0,0,0,,1,1,1,1
Class Function,"CancelToken",1,1,1,1,6,0,5,0,0,0,,0,0,,,,0,2,0,0,0,0,0,0,0,0,21,,21,,3,,3,,17,17,,1,,1,,2,0,14,5,5,,9,9,,2,2,2,1,2,2,1,0,1,,5,5,5,3
Function,"CancelToken.cancel",,,,,,,,,,,,,,,,,,,,,,,,,,,9,,9,,1,,1,,7,7,,1,,1,,2,0,5,1,1,,4,4,,2,2,2,1,,,,,1,,2,2,2,1
Function,"CancelToken.promiseExecutor",,,,,,,,,,,,,,,,,,,,,,,,,,,3,,3,,0,,0,,3,3,,0,,0,,1,0,2,1,1,,1,1,,1,1,1,1,,,,,0,,1,1,1,1
Class Function,"InterceptorManager",0,0,0,0,0,0,0,0,0,0,,0,0,,,,1,3,0,0,0,1,1,0,0,0,3,,3,,0,,0,,3,3,,0,,0,,1,0,2,1,1,,1,1,,1,1,1,1,0,0,0,0,0,,1,1,1,1
Function,"all",,,,,,,,,,,,,,,,,,,,,,,,,,,3,,3,,0,,0,,3,3,,0,,0,,1,0,2,1,1,,1,1,,1,1,1,1,,,,,0,,1,1,1,1
Function,"bind",,,,,,,,,,,,,,,,,,,,,,,,,,,9,,9,,0,,0,,9,9,,0,,0,,1,0,7,3,3,,4,4,,1,1,1,1,,,,,0,,3,3,3,2
Function,"bind.wrap",,,,,,,,,,,,,,,,,,,,,,,,,,,7,,7,,0,,0,,7,7,,0,,0,,2,0,5,2,2,,3,3,,2,2,2,1,,,,,1,,2,2,2,1
Function,"buildFullPath",,,,,,,,,,,,,,,,,,,,,,,,,,,6,,6,,0,,0,,6,6,,0,,0,,2,0,4,1,1,,3,3,,2,2,3,1,,,,,1,,2,2,3,1
Function,"buildURL",,,,,,,,,,,,,,,,,,,,,,,,,,,49,,49,,8,,8,,40,40,,1,,1,,10,1,30,6,6,,24,24,,7,7,7,1,,,,,2,,13,13,14,3
Function,"buildURL.serialize",,,,,,,,,,,,,,,,,,,,,,,,,,,20,,20,,2,,2,,18,18,,0,,0,,3,0,13,2,2,,11,11,,3,3,4,1,,,,,1,,6,6,7,2
Function,"buildURL.serialize.parseValue",,,,,,,,,,,,,,,,,,,,,,,,,,,8,,8,,0,,0,,8,8,,0,,0,,3,0,6,1,1,,5,5,,3,3,3,1,,,,,2,,3,3,3,1
Function,"combineURLs",,,,,,,,,,,,,,,,,,,,,,,,,,,5,,5,,0,,0,,5,5,,0,,0,,1,0,2,1,1,,1,1,,2,2,2,1,,,,,0,,2,2,2,1
Function,"create",,,,,,,,,,,,,,,,,,,,,,,,,,,3,,3,,0,,0,,3,3,,0,,0,,1,0,2,1,1,,1,1,,1,1,1,1,,,,,0,,1,1,1,1
Function,"createError",,,,,,,,,,,,,,,,,,,,,,,,,,,4,,4,,0,,0,,4,4,,0,,0,,1,0,3,2,2,,1,1,,1,1,1,1,,,,,0,,1,1,1,1
Function,"createInstance",,,,,,,,,,,,,,,,,,,,,,,,,,,12,,12,,3,,3,,7,7,,2,,2,,1,0,6,3,3,,3,3,,1,1,1,1,,,,,0,,1,1,1,1
Function,"defaults.transformRequest.transformRequest",,,,,,,,,,,,,,,,,,,,,,,,,,,25,,25,,0,,0,,25,25,,0,,0,,5,1,14,1,1,,13,13,,5,5,10,5,,,,,1,,5,5,10,5
Function,"defaults.transformResponse.transformResponse",,,,,,,,,,,,,,,,,,,,,,,,,,,9,,9,,0,,0,,8,8,,2,,2,,3,0,5,1,1,,4,4,,3,3,3,1,,,,,2,,3,3,3,1
Function,"defaults.validateStatus.validateStatus",,,,,,,,,,,,,,,,,,,,,,,,,,,3,,3,,0,,0,,3,3,,0,,0,,1,0,2,1,1,,1,1,,1,1,2,1,,,,,0,,1,1,2,1
Function,"deprecatedMethod",,,,,,,,,,,,,,,,,,,,,,,,,,,12,,12,,1,,1,,11,11,,1,,1,,3,0,5,1,1,,4,4,,4,4,4,1,,,,,2,,4,4,4,1
Function,"dispatchRequest",,,,,,,,,,,,,,,,,,,,,,,,,,,57,,57,,10,,10,,42,42,,5,,5,,1,0,20,5,5,,15,15,,1,1,5,1,,,,,0,,6,6,11,4
Function,"dispatchRequest.cleanHeaderConfig",,,,,,,,,,,,,,,,,,,,,,,,,,,3,,3,,0,,0,,3,3,,0,,0,,1,0,2,1,1,,1,1,,1,1,1,1,,,,,0,,1,1,1,1
Function,"dispatchRequest.onAdapterRejection",,,,,,,,,,,,,,,,,,,,,,,,,,,16,,16,,2,,2,,13,13,,1,,1,,3,0,6,1,1,,5,5,,3,3,4,1,,,,,2,,3,3,4,1
Function,"dispatchRequest.onAdapterResolution",,,,,,,,,,,,,,,,,,,,,,,,,,,12,,12,,2,,2,,9,9,,1,,1,,1,0,4,1,1,,3,3,,1,1,1,1,,,,,0,,1,1,1,1
Function,"eject",,,,,,,,,,,,,,,,,,,,,,,,,,,5,,5,,0,,0,,5,5,,0,,0,,2,0,3,1,1,,2,2,,2,2,2,1,,,,,1,,2,2,2,1
Function,"encode",,,,,,,,,,,,,,,,,,,,,,,,,,,9,,9,,0,,0,,9,9,,0,,0,,1,0,2,1,1,,1,1,,1,1,1,1,,,,,0,,1,1,1,1
Function,"enhanceError",,,,,,,,,,,,,,,,,,,,,,,,,,,30,,30,,2,,2,,24,24,,4,,4,,2,0,11,2,2,,9,9,,2,2,2,1,,,,,1,,3,3,3,2
Function,"enhanceError.toJSON",,,,,,,,,,,,,,,,,,,,,,,,,,,18,,18,,0,,0,,14,14,,4,,4,,1,0,2,1,1,,1,1,,1,1,1,1,,,,,0,,1,1,1,1
Function,"extend",,,,,,,,,,,,,,,,,,,,,,,,,,,10,,10,,0,,0,,10,10,,0,,0,,1,0,7,2,2,,5,5,,1,1,1,1,,,,,0,,3,3,4,2
Function,"extend.assignValue",,,,,,,,,,,,,,,,,,,,,,,,,,,7,,7,,0,,0,,7,7,,0,,0,,2,0,4,1,1,,3,3,,2,2,3,1,,,,,1,,2,2,3,1
Function,"forEach",,,,,,,,,,,,,,,,,,,,,,,,,,,26,,26,,2,,2,,19,19,,5,,5,,11,1,11,1,1,,10,10,,7,7,8,1,,,,,3,,7,7,8,1
Function,"forEach",,,,,,,,,,,,,,,,,,,,,,,,,,,7,,7,,0,,0,,7,7,,0,,0,,1,0,5,2,2,,3,3,,1,1,1,1,,,,,0,,3,3,3,2
Function,"forEach.forEachHandler",,,,,,,,,,,,,,,,,,,,,,,,,,,5,,5,,0,,0,,5,5,,0,,0,,2,0,3,1,1,,2,2,,2,2,2,1,,,,,1,,2,2,2,1
Function,"forEachMethodNoData",,,,,,,,,,,,,,,,,,,,,,,,,,,3,,3,,0,,0,,3,3,,0,,0,,1,0,2,1,1,,1,1,,1,1,1,1,,,,,0,,1,1,1,1
Function,"forEachMethodNoData",,,,,,,,,,,,,,,,,,,,,,,,,,,10,,10,,0,,0,,9,9,,1,,1,,1,0,4,2,2,,2,2,,1,1,1,1,,,,,0,,2,2,4,2
Unnamed Function,"forEachMethodNoData.(unnamed_function_1)",,,,,,,,,,,,,,,,,,,,,,,,,,,7,,7,,0,,0,,7,7,,0,,0,,1,0,2,1,1,,1,1,,1,1,3,1,,,,,0,,1,1,3,1
Function,"forEachMethodWithData",,,,,,,,,,,,,,,,,,,,,,,,,,,3,,3,,0,,0,,3,3,,0,,0,,1,0,2,1,1,,1,1,,1,1,1,1,,,,,0,,1,1,1,1
Function,"forEachMethodWithData",,,,,,,,,,,,,,,,,,,,,,,,,,,10,,10,,0,,0,,9,9,,1,,1,,1,0,4,2,2,,2,2,,1,1,1,1,,,,,0,,2,2,3,2
Unnamed Function,"forEachMethodWithData.(unnamed_function_2)",,,,,,,,,,,,,,,,,,,,,,,,,,,7,,7,,0,,0,,7,7,,0,,0,,1,0,2,1,1,,1,1,,1,1,2,1,,,,,0,,1,1,2,1
Function,"getDefaultAdapter",,,,,,,,,,,,,,,,,,,,,,,,,,,11,,11,,0,,0,,9,9,,2,,2,,3,0,7,2,2,,5,5,,3,3,4,1,,,,,2,,3,3,4,1
Function,"getUri",,,,,,,,,,,,,,,,,,,,,,,,,,,4,,4,,0,,0,,4,4,,0,,0,,1,0,3,1,1,,2,2,,1,1,1,1,,,,,0,,1,1,1,1
Function,"httpAdapter",,,,,,,,,,,,,,,,,,,,,,,,,,,259,,259,,36,,36,,199,199,,24,,24,,1,0,141,46,46,,95,95,,1,1,1,1,,,,,0,,57,55,76,21
Function,"httpAdapter.dispatchHttpRequest",,,,,,,,,,,,,,,,,,,,,,,,,,,257,,257,,36,,36,,197,197,,24,,24,,131074,5,139,45,45,,94,94,,29,29,41,5,,,,,4,,56,54,75,20
Function,"httpAdapter.dispatchHttpRequest.handleRequestError",,,,,,,,,,,,,,,,,,,,,,,,,,,4,,4,,0,,0,,4,4,,0,,0,,2,0,4,1,1,,3,3,,2,2,3,1,,,,,1,,2,2,3,1
Function,"httpAdapter.dispatchHttpRequest.handleRequestTimeout",,,,,,,,,,,,,,,,,,,,,,,,,,,4,,4,,0,,0,,4,4,,0,,0,,1,0,3,1,1,,2,2,,1,1,1,1,,,,,0,,1,1,1,1
Function,"httpAdapter.dispatchHttpRequest.handleStreamError",,,,,,,,,,,,,,,,,,,,,,,,,,,3,,3,,0,,0,,3,3,,0,,0,,1,0,2,1,1,,1,1,,1,1,1,1,,,,,0,,1,1,1,1
Function,"httpAdapter.dispatchHttpRequest.noProxy.trim",,,,,,,,,,,,,,,,,,,,,,,,,,,3,,3,,0,,0,,3,3,,0,,0,,1,0,2,1,1,,1,1,,1,1,1,1,,,,,0,,1,1,1,1
Function,"httpAdapter.dispatchHttpRequest.onCanceled",,,,,,,,,,,,,,,,,,,,,,,,,,,6,,6,,1,,1,,5,5,,0,,0,,2,0,5,1,1,,4,4,,2,2,2,1,,,,,1,,2,2,2,1
Function,"httpAdapter.dispatchHttpRequest.proxyMatch",,,,,,,,,,,,,,,,,,,,,,,,,,,14,,14,,1,,1,,13,13,,0,,0,,4,1,8,1,1,,7,7,,4,4,5,4,,,,,1,,4,4,5,4
Function,"httpAdapter.dispatchHttpRequest.reject.reject",,,,,,,,,,,,,,,,,,,,,,,,,,,3,,3,,0,,0,,3,3,,0,,0,,1,0,2,1,1,,1,1,,1,1,1,1,,,,,0,,1,1,1,1
Function,"httpAdapter.dispatchHttpRequest.req.handleResponse",,,,,,,,,,,,,,,,,,,,,,,,,,,69,,69,,11,,11,,51,51,,7,,7,,7,1,35,9,9,,26,26,,7,5,10,1,,,,,2,,14,12,19,4
Function,"httpAdapter.dispatchHttpRequest.req.handleResponse.handleStreamData",,,,,,,,,,,,,,,,,,,,,,,,,,,10,,10,,1,,1,,8,8,,1,,1,,2,0,5,1,1,,4,4,,2,2,3,1,,,,,1,,2,2,3,1
Function,"httpAdapter.dispatchHttpRequest.req.handleResponse.handleStreamEnd",,,,,,,,,,,,,,,,,,,,,,,,,,,12,,12,,1,,1,,11,11,,0,,0,,3,0,8,2,2,,6,6,,3,3,4,1,,,,,2,,3,3,4,1
Function,"httpAdapter.dispatchHttpRequest.req.handleResponse.handleStreamError",,,,,,,,,,,,,,,,,,,,,,,,,,,4,,4,,0,,0,,4,4,,0,,0,,2,0,4,1,1,,3,3,,2,2,2,1,,,,,1,,2,2,2,1
Function,"httpAdapter.dispatchHttpRequest.resolve.resolve",,,,,,,,,,,,,,,,,,,,,,,,,,,3,,3,,0,,0,,3,3,,0,,0,,1,0,2,1,1,,1,1,,1,1,1,1,,,,,0,,1,1,1,1
Function,"isAbsoluteURL",,,,,,,,,,,,,,,,,,,,,,,,,,,6,,6,,0,,0,,3,3,,4,,4,,1,0,2,1,1,,1,1,,1,1,1,1,,,,,0,,1,1,1,1
Function,"isArray",,,,,,,,,,,,,,,,,,,,,,,,,,,3,,3,,0,,0,,3,3,,0,,0,,1,0,2,1,1,,1,1,,1,1,1,1,,,,,0,,1,1,1,1
Function,"isArrayBuffer",,,,,,,,,,,,,,,,,,,,,,,,,,,3,,3,,0,,0,,3,3,,0,,0,,1,0,2,1,1,,1,1,,1,1,1,1,,,,,0,,1,1,1,1
Function,"isArrayBufferView",,,,,,,,,,,,,,,,,,,,,,,,,,,9,,9,,0,,0,,9,9,,0,,0,,2,0,6,2,2,,4,4,,2,2,5,1,,,,,1,,2,2,5,1
Function,"isAxiosError",,,,,,,,,,,,,,,,,,,,,,,,,,,3,,3,,0,,0,,3,3,,0,,0,,1,0,2,1,1,,1,1,,1,1,2,1,,,,,0,,1,1,2,1
Function,"isBlob",,,,,,,,,,,,,,,,,,,,,,,,,,,3,,3,,0,,0,,3,3,,0,,0,,1,0,2,1,1,,1,1,,1,1,1,1,,,,,0,,1,1,1,1
Function,"isBuffer",,,,,,,,,,,,,,,,,,,,,,,,,,,4,,4,,0,,0,,4,4,,0,,0,,1,0,2,1,1,,1,1,,1,1,6,1,,,,,0,,1,1,6,1
Function,"isCancel",,,,,,,,,,,,,,,,,,,,,,,,,,,3,,3,,0,,0,,3,3,,0,,0,,1,0,2,1,1,,1,1,,1,1,2,1,,,,,0,,1,1,2,1
Function,"isDate",,,,,,,,,,,,,,,,,,,,,,,,,,,3,,3,,0,,0,,3,3,,0,,0,,1,0,2,1,1,,1,1,,1,1,1,1,,,,,0,,1,1,1,1
Function,"isFile",,,,,,,,,,,,,,,,,,,,,,,,,,,3,,3,,0,,0,,3,3,,0,,0,,1,0,2,1,1,,1,1,,1,1,1,1,,,,,0,,1,1,1,1
Function,"isFormData",,,,,,,,,,,,,,,,,,,,,,,,,,,3,,3,,0,,0,,3,3,,0,,0,,1,0,2,1,1,,1,1,,1,1,2,1,,,,,0,,1,1,2,1
Function,"isFunction",,,,,,,,,,,,,,,,,,,,,,,,,,,3,,3,,0,,0,,3,3,,0,,0,,1,0,2,1,1,,1,1,,1,1,1,1,,,,,0,,1,1,1,1
Function,"isNumber",,,,,,,,,,,,,,,,,,,,,,,,,,,3,,3,,0,,0,,3,3,,0,,0,,1,0,2,1,1,,1,1,,1,1,1,1,,,,,0,,1,1,1,1
Function,"isObject",,,,,,,,,,,,,,,,,,,,,,,,,,,3,,3,,0,,0,,3,3,,0,,0,,1,0,2,1,1,,1,1,,1,1,2,1,,,,,0,,1,1,2,1
Function,"isPlainObject",,,,,,,,,,,,,,,,,,,,,,,,,,,8,,8,,1,,1,,7,7,,0,,0,,2,0,5,2,2,,3,3,,2,2,3,1,,,,,1,,2,2,3,1
Function,"isStandardBrowserEnv",,,,,,,,,,,,,,,,,,,,,,,,,,,11,,11,,0,,0,,11,11,,0,,0,,2,0,4,1,1,,3,3,,2,2,6,1,,,,,1,,2,2,6,1
Function,"isStream",,,,,,,,,,,,,,,,,,,,,,,,,,,3,,3,,0,,0,,3,3,,0,,0,,1,0,2,1,1,,1,1,,1,1,2,1,,,,,0,,1,1,2,1
Function,"isString",,,,,,,,,,,,,,,,,,,,,,,,,,,3,,3,,0,,0,,3,3,,0,,0,,1,0,2,1,1,,1,1,,1,1,1,1,,,,,0,,1,1,1,1
Function,"isURLSearchParams",,,,,,,,,,,,,,,,,,,,,,,,,,,3,,3,,0,,0,,3,3,,0,,0,,1,0,2,1,1,,1,1,,1,1,2,1,,,,,0,,1,1,2,1
Function,"isUndefined",,,,,,,,,,,,,,,,,,,,,,,,,,,3,,3,,0,,0,,3,3,,0,,0,,1,0,2,1,1,,1,1,,1,1,1,1,,,,,0,,1,1,1,1
File,"lib\adapters\http.js",3,3,4,1,57,7,44,5,,,0,,,17,,16,,,,,,,,,,,303,0,303,0,42,0,42,0,228,228,0,33,0,33,0,1,0,169,63,63,0,106,106,0,1,1,1,1,29,29,5,,4,0.14,61,59,80,24
File,"lib\adapters\xhr.js",3,3,4,1,65,10,42,12,,,0,,,9,,8,,,,,,,,,,,179,0,179,0,30,0,30,0,116,116,0,34,0,34,0,1,0,85,27,27,0,58,58,0,1,1,1,1,16,16,4,,3,0.29,32,32,41,14
File,"lib\axios.js",1,1,1,1,18,4,10,4,,,0,,,4,,3,,,,,,,,,,,56,0,56,0,13,0,13,0,28,28,0,15,0,15,0,1,0,27,11,11,0,16,16,0,1,1,1,1,1,1,1,,0,0.54,4,4,4,4
File,"lib\cancel\Cancel.js",1,1,1,1,8,1,5,2,,,0,,,3,,2,,,,,,,,,,,19,0,19,0,4,0,4,0,9,9,0,6,0,6,0,1,0,8,2,2,0,6,6,0,1,1,1,1,2,2,1,,0,0.67,4,4,4,3
File,"lib\cancel\CancelToken.js",1,1,1,1,15,1,11,2,,,0,,,7,,6,,,,,,,,,,,57,0,57,0,8,0,8,0,35,35,0,14,0,14,0,1,0,28,11,11,0,17,17,0,1,1,1,1,2,2,1,,1,0.40,10,10,10,7
File,"lib\cancel\isCancel.js",1,1,1,1,4,0,3,0,,,0,,,2,,1,,,,,,,,,,,5,0,5,0,1,0,1,0,4,4,0,0,0,0,0,1,0,4,1,1,0,3,3,0,1,1,1,1,1,1,1,,0,0.00,2,2,3,2
File,"lib\core\Axios.js",1,1,1,1,18,2,14,2,,,0,,,10,,9,,,,,,,,,,,95,0,95,0,14,0,14,0,64,64,0,17,0,17,0,1,0,47,16,16,0,31,31,0,1,1,1,1,5,5,1,,2,0.27,14,14,19,10
File,"lib\core\InterceptorManager.js",1,1,1,1,13,1,8,3,,,0,,,6,,5,,,,,,,,,,,52,0,52,0,6,0,6,0,25,25,0,21,0,21,0,1,0,19,6,6,0,13,13,0,1,1,1,1,2,2,1,,1,0.84,8,8,8,6
File,"lib\core\buildFullPath.js",1,1,2,1,13,1,7,4,,,0,,,2,,1,,,,,,,,,,,20,0,20,0,2,0,2,0,9,9,0,9,0,9,0,1,0,8,3,3,0,5,5,0,1,1,1,1,2,2,1,,1,1.00,3,3,4,2
File,"lib\core\createError.js",1,1,1,1,11,1,5,5,,,0,,,2,,1,,,,,,,,,,,18,0,18,0,2,0,2,0,6,6,0,10,0,10,0,1,0,6,3,3,0,3,3,0,1,1,1,1,1,1,1,,0,1.67,2,2,2,2
File,"lib\core\dispatchRequest.js",1,1,2,1,28,4,20,3,,,0,,,6,,5,,,,,,,,,,,79,0,79,0,13,0,13,0,52,52,0,14,0,14,0,1,0,29,10,10,0,19,19,0,1,1,1,1,3,3,1,,2,0.27,9,9,14,6
File,"lib\core\enhanceError.js",1,1,1,1,30,1,21,7,,,0,,,3,,2,,,,,,,,,,,42,0,42,0,3,0,3,0,25,25,0,14,0,14,0,1,0,13,2,2,0,11,11,0,1,1,1,1,2,2,1,,1,0.56,4,4,4,3
File,"lib\core\mergeConfig.js",2,2,2,1,25,3,20,1,,,0,,,8,,7,,,,,,,,,,,87,0,87,0,13,0,13,0,65,65,0,9,0,9,0,1,0,46,15,15,0,31,31,0,1,1,1,1,4,4,4,,3,0.14,18,18,20,11
File,"lib\core\settle.js",1,1,2,1,19,1,15,3,,,0,,,2,,1,,,,,,,,,,,25,0,25,0,2,0,2,0,16,16,0,7,0,7,0,1,0,8,3,3,0,5,5,0,1,1,1,1,2,2,1,,1,0.44,3,3,5,2
File,"lib\core\transformData.js",1,1,1,1,10,1,5,3,,,0,,,3,,2,,,,,,,,,,,20,0,20,0,3,0,3,0,8,8,0,9,0,9,0,1,0,8,3,3,0,5,5,0,1,1,1,1,1,1,1,,0,1.13,3,3,3,3
File,"lib\defaults.js",2,2,3,1,19,1,16,1,,,0,,,8,,7,,,,,,,,,,,98,0,98,0,15,0,15,0,76,76,0,8,0,8,0,1,0,44,12,12,0,32,32,0,1,1,1,1,5,5,5,,2,0.11,17,17,25,12
File,"lib\helpers\bind.js",1,1,1,1,9,0,8,0,,,0,,,3,,2,,,,,,,,,,,11,0,11,0,1,0,1,0,10,10,0,0,0,0,0,1,0,9,3,3,0,6,6,0,1,1,1,1,2,2,1,,1,0.00,4,4,4,3
File,"lib\helpers\buildURL.js",3,3,3,1,31,4,25,1,,,0,,,5,,4,,,,,,,,,,,70,0,70,0,11,0,11,0,51,51,0,8,0,8,0,1,0,35,8,8,0,27,27,0,1,1,1,1,7,7,1,,2,0.16,15,15,16,5
File,"lib\helpers\combineURLs.js",1,1,1,1,9,0,5,3,,,0,,,2,,1,,,,,,,,,,,14,0,14,0,1,0,1,0,6,6,0,7,0,7,0,1,0,4,1,1,0,3,3,0,1,1,1,1,2,2,1,,0,1.17,3,3,3,2
File,"lib\helpers\cookies.js",1,1,1,1,14,2,11,0,,,0,,,9,,8,,,,,,,,,,,53,0,53,0,11,0,11,0,40,40,0,2,0,2,0,1,0,28,11,11,0,17,17,0,2,2,2,1,5,5,1,,1,0.05,15,15,15,9
File,"lib\helpers\deprecatedMethod.js",2,2,2,1,18,2,11,5,,,0,,,2,,1,,,,,,,,,,,24,0,24,0,3,0,3,0,12,12,0,10,0,10,0,1,0,7,1,1,0,6,6,0,1,1,1,1,4,4,1,,2,0.83,5,5,5,2
File,"lib\helpers\isAbsoluteURL.js",1,1,1,1,10,0,3,7,,,0,,,2,,1,,,,,,,,,,,14,0,14,0,1,0,1,0,4,4,0,10,0,10,0,1,0,4,1,1,0,3,3,0,1,1,1,1,1,1,1,,0,2.50,2,2,2,2
File,"lib\helpers\isAxiosError.js",1,1,1,1,7,0,3,3,,,0,,,2,,1,,,,,,,,,,,11,0,11,0,1,0,1,0,4,4,0,6,0,6,0,1,0,4,1,1,0,3,3,0,1,1,1,1,1,1,1,,0,1.50,2,2,3,2
File,"lib\helpers\isURLSameOrigin.js",2,2,2,1,26,3,17,5,,,0,,,6,,5,,,,,,,,,,,68,0,68,0,10,0,10,0,41,41,0,17,0,17,0,1,0,23,11,11,0,12,12,0,2,2,2,1,6,6,1,,1,0.41,13,13,14,6
File,"lib\helpers\normalizeHeaderName.js",1,1,1,1,8,0,8,0,,,0,,,3,,2,,,,,,,,,,,12,0,12,0,2,0,2,0,10,10,0,0,0,0,0,1,0,9,3,3,0,6,6,0,1,1,1,1,2,2,1,,1,0.00,4,4,5,3
File,"lib\helpers\parseHeaders.js",3,3,3,1,32,4,23,5,,,0,,,3,,2,,,,,,,,,,,53,0,53,0,7,0,7,0,31,31,0,15,0,15,0,1,0,23,8,8,0,15,15,0,1,1,1,1,6,6,3,,2,0.48,9,9,10,5
File,"lib\helpers\spread.js",1,1,1,1,11,0,4,6,,,0,,,3,,2,,,,,,,,,,,27,0,27,0,1,0,1,0,6,6,0,20,0,20,0,1,0,6,2,2,0,4,4,0,1,1,1,1,1,1,1,,0,3.33,3,3,3,3
File,"lib\utils.js",1,1,2,1,20,1,11,6,,,0,,,25,,24,,,,,,,,,,,349,0,349,0,30,0,30,0,153,153,0,167,0,167,0,1,0,84,29,29,0,55,55,0,1,1,1,1,7,7,1,,3,1.09,40,40,60,25
Function,"merge",,,,,,,,,,,,,,,,,,,,,,,,,,,19,,19,,1,,1,,18,18,,1,,1,,2,0,13,3,3,,10,10,,2,2,2,1,,,,,1,,6,6,7,2
Function,"merge.assignValue",,,,,,,,,,,,,,,,,,,,,,,,,,,11,,11,,0,,0,,11,11,,0,,0,,4,1,8,1,1,,7,7,,4,4,5,1,,,,,3,,4,4,5,1
Function,"mergeConfig",,,,,,,,,,,,,,,,,,,,,,,,,,,75,,75,,11,,11,,63,63,,1,,1,,1,0,43,14,14,,29,29,,1,1,2,1,,,,,0,,17,17,19,10
Function,"mergeConfig.defaultToConfig2",,,,,,,,,,,,,,,,,,,,,,,,,,,7,,7,,0,,0,,7,7,,0,,0,,3,0,5,1,1,,4,4,,3,3,3,1,,,,,2,,3,3,3,1
Function,"mergeConfig.getMergedValue",,,,,,,,,,,,,,,,,,,,,,,,,,,10,,10,,0,,0,,10,10,,0,,0,,4,1,8,1,1,,7,7,,4,4,5,4,,,,,3,,4,4,5,4
Function,"mergeConfig.merge",,,,,,,,,,,,,,,,,,,,,,,,,,,7,,7,,0,,0,,7,7,,0,,0,,3,0,5,1,1,,4,4,,3,3,3,1,,,,,2,,3,3,3,1
Function,"mergeConfig.mergeDeepProperties",,,,,,,,,,,,,,,,,,,,,,,,,,,7,,7,,0,,0,,7,7,,0,,0,,3,0,5,1,1,,4,4,,3,3,3,1,,,,,2,,3,3,3,1
Function,"mergeConfig.otherKeys.filterAxiosKeys",,,,,,,,,,,,,,,,,,,,,,,,,,,3,,3,,0,,0,,3,3,,0,,0,,1,0,2,1,1,,1,1,,1,1,1,1,,,,,0,,1,1,1,1
Function,"mergeConfig.valueFromConfig2",,,,,,,,,,,,,,,,,,,,,,,,,,,5,,5,,0,,0,,5,5,,0,,0,,2,0,3,1,1,,2,2,,2,2,2,1,,,,,1,,2,2,2,1
Function,"nonStandardBrowserEnv",,,,,,,,,,,,,,,,,,,,,,,,,,,7,,7,,0,,0,,7,7,,0,,0,,1,0,6,4,4,,2,2,,1,1,1,1,,,,,0,,12,12,12,7
Function,"nonStandardBrowserEnv",,,,,,,,,,,,,,,,,,,,,,,,,,,5,,5,,0,,0,,5,5,,0,,0,,1,0,4,2,2,,2,2,,1,1,1,1,,,,,0,,2,2,2,2
Function,"nonStandardBrowserEnv.isURLSameOrigin",,,,,,,,,,,,,,,,,,,,,,,,,,,3,,3,,0,,0,,3,3,,0,,0,,1,0,2,1,1,,1,1,,1,1,1,1,,,,,0,,1,1,1,1
Function,"normalizeHeaderName",,,,,,,,,,,,,,,,,,,,,,,,,,,8,,8,,0,,0,,8,8,,0,,0,,1,0,6,2,2,,4,4,,1,1,1,1,,,,,0,,3,3,4,2
Function,"normalizeHeaderName.processHeader",,,,,,,,,,,,,,,,,,,,,,,,,,,6,,6,,0,,0,,6,6,,0,,0,,2,0,4,1,1,,3,3,,2,2,3,1,,,,,1,,2,2,3,1
Function,"parseHeaders",,,,,,,,,,,,,,,,,,,,,,,,,,,27,,27,,4,,4,,23,23,,0,,0,,2,0,19,6,6,,13,13,,2,2,2,1,,,,,1,,8,8,9,4
Function,"parseHeaders.parser",,,,,,,,,,,,,,,,,,,,,,,,,,,16,,16,,1,,1,,15,15,,0,,0,,4,1,10,1,1,,9,9,,6,6,7,3,,,,,2,,6,6,7,3
Function,"read.read",,,,,,,,,,,,,,,,,,,,,,,,,,,4,,4,,0,,0,,4,4,,0,,0,,1,0,3,2,2,,1,1,,2,2,2,1,,,,,0,,2,2,2,1
Function,"read.read",,,,,,,,,,,,,,,,,,,,,,,,,,,1,,1,,0,,0,,1,1,,0,,0,,1,0,2,1,1,,1,1,,1,1,1,1,,,,,0,,1,1,1,1
Function,"remove.remove",,,,,,,,,,,,,,,,,,,,,,,,,,,3,,3,,0,,0,,3,3,,0,,0,,1,0,2,1,1,,1,1,,1,1,1,1,,,,,0,,1,1,1,1
Function,"remove.remove",,,,,,,,,,,,,,,,,,,,,,,,,,,1,,1,,0,,0,,1,1,,0,,0,,1,0,1,1,1,,0,0,,1,1,1,1,,,,,0,,1,1,1,1
Function,"request",,,,,,,,,,,,,,,,,,,,,,,,,,,39,,39,,7,,7,,28,28,,4,,4,,12,1,22,5,5,,17,17,,5,5,7,1,,,,,2,,7,7,9,3
Function,"request.pushResponseInterceptors",,,,,,,,,,,,,,,,,,,,,,,,,,,3,,3,,0,,0,,3,3,,0,,0,,1,0,2,1,1,,1,1,,1,1,1,1,,,,,0,,1,1,1,1
Function,"request.unshiftRequestInterceptors",,,,,,,,,,,,,,,,,,,,,,,,,,,3,,3,,0,,0,,3,3,,0,,0,,1,0,2,1,1,,1,1,,1,1,1,1,,,,,0,,1,1,1,1
Function,"setContentTypeIfUnset",,,,,,,,,,,,,,,,,,,,,,,,,,,5,,5,,0,,0,,5,5,,0,,0,,2,0,3,1,1,,2,2,,2,2,3,1,,,,,1,,2,2,3,1
Function,"setProxy",,,,,,,,,,,,,,,,,,,,,,,,,,,18,,18,,2,,2,,14,14,,2,,2,,2,0,12,3,3,,9,9,,2,2,2,1,,,,,1,,3,3,3,2
Function,"setProxy.beforeRedirect",,,,,,,,,,,,,,,,,,,,,,,,,,,4,,4,,0,,0,,4,4,,0,,0,,1,0,3,1,1,,2,2,,1,1,1,1,,,,,0,,1,1,1,1
Function,"settle",,,,,,,,,,,,,,,,,,,,,,,,,,,14,,14,,0,,0,,14,14,,0,,0,,2,0,5,2,2,,3,3,,2,2,4,1,,,,,1,,2,2,4,1
Function,"source",,,,,,,,,,,,,,,,,,,,,,,,,,,10,,10,,0,,0,,10,10,,0,,0,,1,0,6,4,4,,2,2,,1,1,1,1,,,,,0,,2,2,2,2
Function,"source.token.executor",,,,,,,,,,,,,,,,,,,,,,,,,,,3,,3,,0,,0,,3,3,,0,,0,,1,0,2,1,1,,1,1,,1,1,1,1,,,,,0,,1,1,1,1
Function,"spread",,,,,,,,,,,,,,,,,,,,,,,,,,,5,,5,,0,,0,,5,5,,0,,0,,1,0,4,2,2,,2,2,,1,1,1,1,,,,,0,,2,2,2,2
Function,"spread.wrap",,,,,,,,,,,,,,,,,,,,,,,,,,,3,,3,,0,,0,,3,3,,0,,0,,1,0,2,1,1,,1,1,,1,1,1,1,,,,,0,,1,1,1,1
Function,"standardBrowserEnv",,,,,,,,,,,,,,,,,,,,,,,,,,,35,,35,,7,,7,,28,28,,0,,0,,1,0,19,6,6,,13,13,,1,1,1,1,,,,,0,,12,12,12,7
Function,"standardBrowserEnv",,,,,,,,,,,,,,,,,,,,,,,,,,,51,,51,,6,,6,,31,31,,14,,14,,1,0,16,8,8,,8,8,,1,1,1,1,,,,,0,,9,9,10,3
Function,"standardBrowserEnv.isURLSameOrigin",,,,,,,,,,,,,,,,,,,,,,,,,,,5,,5,,0,,0,,5,5,,0,,0,,1,0,3,2,2,,1,1,,2,2,3,1,,,,,0,,2,2,3,1
Function,"standardBrowserEnv.resolveURL",,,,,,,,,,,,,,,,,,,,,,,,,,,25,,25,,3,,3,,20,20,,2,,2,,2,0,7,2,2,,5,5,,6,6,6,1,,,,,1,,6,6,6,1
Function,"stripBOM",,,,,,,,,,,,,,,,,,,,,,,,,,,6,,6,,0,,0,,6,6,,0,,0,,2,0,4,1,1,,3,3,,2,2,2,1,,,,,1,,2,2,2,1
Function,"throwIfCancellationRequested",,,,,,,,,,,,,,,,,,,,,,,,,,,5,,5,,0,,0,,5,5,,0,,0,,2,0,3,1,1,,2,2,,2,2,2,1,,,,,1,,2,2,2,1
Function,"throwIfRequested",,,,,,,,,,,,,,,,,,,,,,,,,,,5,,5,,0,,0,,5,5,,0,,0,,2,0,3,1,1,,2,2,,2,2,2,1,,,,,1,,2,2,2,1
Function,"toString",,,,,,,,,,,,,,,,,,,,,,,,,,,3,,3,,0,,0,,3,3,,0,,0,,1,0,2,1,1,,1,1,,2,2,2,1,,,,,0,,2,2,2,1
Function,"transformData",,,,,,,,,,,,,,,,,,,,,,,,,,,8,,8,,1,,1,,6,6,,1,,1,,1,0,5,2,2,,3,3,,1,1,1,1,,,,,0,,2,2,2,2
Function,"transformData.transform",,,,,,,,,,,,,,,,,,,,,,,,,,,3,,3,,0,,0,,3,3,,0,,0,,1,0,2,1,1,,1,1,,1,1,1,1,,,,,0,,1,1,1,1
Function,"trim",,,,,,,,,,,,,,,,,,,,,,,,,,,3,,3,,0,,0,,3,3,,0,,0,,1,0,2,1,1,,1,1,,1,1,1,1,,,,,0,,1,1,1,1
Function,"use",,,,,,,,,,,,,,,,,,,,,,,,,,,7,,7,,0,,0,,7,7,,0,,0,,1,0,3,1,1,,2,2,,1,1,1,1,,,,,0,,1,1,1,1
Function,"write.write",,,,,,,,,,,,,,,,,,,,,,,,,,,22,,22,,5,,5,,17,17,,0,,0,,16,1,12,2,2,,10,10,,5,5,5,1,,,,,1,,5,5,5,1
Function,"write.write",,,,,,,,,,,,,,,,,,,,,,,,,,,1,,1,,0,,0,,1,1,,0,,0,,1,0,1,1,1,,0,0,,1,1,1,1,,,,,0,,1,1,1,1
Function,"xhrAdapter",,,,,,,,,,,,,,,,,,,,,,,,,,,168,,168,,28,,28,,107,107,,34,,34,,1,0,75,19,19,,56,56,,1,1,1,1,,,,,0,,31,31,40,13
Function,"xhrAdapter.dispatchXhrRequest",,,,,,,,,,,,,,,,,,,,,,,,,,,166,,166,,28,,28,,105,105,,34,,34,,3072,3,73,18,18,,55,55,,16,16,20,4,,,,,3,,30,30,39,12
Function,"xhrAdapter.dispatchXhrRequest.handleAbort",,,,,,,,,,,,,,,,,,,,,,,,,,,10,,10,,2,,2,,7,7,,1,,1,,2,0,5,1,1,,4,4,,2,2,2,1,,,,,1,,2,2,2,1
Function,"xhrAdapter.dispatchXhrRequest.handleError",,,,,,,,,,,,,,,,,,,,,,,,,,,8,,8,,1,,1,,4,4,,3,,3,,1,0,3,1,1,,2,2,,1,1,1,1,,,,,0,,1,1,1,1
Function,"xhrAdapter.dispatchXhrRequest.handleLoad",,,,,,,,,,,,,,,,,,,,,,,,,,,30,,30,,4,,4,,20,20,,6,,6,,3,0,10,4,4,,6,6,,5,5,9,3,,,,,1,,5,5,9,3
Function,"xhrAdapter.dispatchXhrRequest.handleTimeout",,,,,,,,,,,,,,,,,,,,,,,,,,,11,,11,,1,,1,,9,9,,1,,1,,2,0,6,2,2,,4,4,,2,2,2,1,,,,,1,,2,2,2,1
Function,"xhrAdapter.dispatchXhrRequest.onCanceled",,,,,,,,,,,,,,,,,,,,,,,,,,,10,,10,,1,,1,,8,8,,1,,1,,2,0,6,1,1,,5,5,,2,2,2,1,,,,,1,,2,2,2,1
Function,"xhrAdapter.dispatchXhrRequest.setRequestHeader",,,,,,,,,,,,,,,,,,,,,,,,,,,9,,9,,0,,0,,7,7,,2,,2,,2,0,4,1,1,,3,3,,2,2,3,1,,,,,1,,2,2,3,1
